slot_id,topic,keywords,category,status,published_date
1,Who needs a VASP licence in Pakistan and who does not,vasp licence pakistan who needs it,PVARA,published,2026-08-08
2,PVARA licence categories explained: which one does your business fall into,pvara licence categories,Licensing,published,2026-08-08
3,What is the travel rule and how does it apply to Pakistani VASPs,travel rule pakistan crypto,AML,published,2026-08-08
4,Fit and proper tests: what regulators actually check about your directors,fit and proper test crypto licence,Licensing,published,2026-08-09
5,How the FBR treats crypto gains: income versus capital gains,fbr crypto tax pakistan,Tax,published,2026-08-09
6,What is FATF Recommendation 15 and why does it shape Pakistan's rules,fatf recommendation 15 virtual assets,AML,published,2026-08-09
7,Capital requirements for virtual asset firms: what the numbers mean in practice,vasp capital requirements,Licensing,pending,
8,Customer due diligence for crypto exchanges: a practical walkthrough,crypto kyc cdd requirements,AML,pending,
9,What is a suspicious transaction report and when must a VASP file one,suspicious transaction report crypto,AML,pending,
10,Custody rules: how client virtual assets must be segregated,crypto custody segregation rules,Licensing,pending,
11,Can a foreign exchange legally serve Pakistani users,foreign crypto exchange pakistan legal,PVARA,pending,
12,The State Bank of Pakistan's position on virtual assets explained,state bank pakistan crypto policy,PVARA,pending,
13,SECP and virtual assets: where company law meets crypto,secp crypto regulation pakistan,PVARA,pending,
14,Beneficial ownership disclosure: why regulators ask and what they want,beneficial ownership crypto licence,Licensing,pending,
15,Sanctions screening for virtual asset firms: building a workable process,sanctions screening crypto,AML,pending,
16,What is market surveillance and which VASPs need it,market surveillance crypto exchange,Licensing,pending,
17,Transaction monitoring for crypto: setting rules and thresholds,crypto transaction monitoring,AML,pending,
18,Record keeping obligations: what a VASP must retain and for how long,vasp record keeping requirements,Licensing,pending,
19,The compliance officer role: what regulators expect from an MLRO,mlro crypto compliance officer,AML,pending,
20,Cyber security requirements for licensed virtual asset firms,crypto exchange cyber security rules,Licensing,pending,
21,Business continuity planning for VASPs: what the regulator wants to see,vasp business continuity plan,Licensing,pending,
22,Stablecoins under Pakistani regulation: how are they treated,stablecoin regulation pakistan,PVARA,pending,
23,DeFi and the licensing perimeter: who is actually regulated,defi regulation licence,PVARA,pending,
24,NFTs and virtual asset rules: when does an NFT become regulated,nft regulation pakistan,PVARA,pending,
25,Crypto ATMs in Pakistan: what the rules would require,crypto atm pakistan regulation,PVARA,pending,
26,P2P trading platforms and the regulatory perimeter,p2p crypto trading regulation,PVARA,pending,
27,What happens if your licence application is rejected,crypto licence application rejected,Licensing,pending,
28,How to respond to a regulatory consultation and why it matters,regulatory consultation response,PVARA,pending,
29,Withholding tax and crypto transactions in Pakistan,withholding tax crypto pakistan,Tax,pending,
30,Corporate structuring for a Pakistani VASP: the options compared,vasp corporate structure pakistan,Tax,pending,
31,VAT and sales tax treatment of crypto services,sales tax crypto services pakistan,Tax,pending,
32,Declaring crypto holdings to the FBR: what individuals need to know,declare crypto holdings fbr,Tax,pending,
33,Crypto mining in Pakistan: the regulatory and tax position,crypto mining pakistan regulation,Tax,pending,
34,How Pakistani courts have treated virtual assets so far,pakistan court crypto ruling,PVARA,pending,
35,Enforcement powers: what a regulator can actually do to a VASP,vasp enforcement powers,PVARA,pending,
36,Licence conditions: the obligations that continue after approval,ongoing licence conditions vasp,Licensing,pending,
37,Regulatory reporting calendar for a licensed VASP,vasp regulatory reporting,Licensing,pending,
38,Outsourcing and third party risk for virtual asset firms,vasp outsourcing risk,Licensing,pending,
39,Complaints handling and client redress requirements,crypto complaints handling rules,Licensing,pending,
40,Marketing and advertising rules for crypto firms,crypto advertising rules pakistan,PVARA,pending,
41,Comparing PVARA with VARA Dubai: what is different,pvara vs vara dubai,Licensing,pending,
42,Comparing PVARA with Singapore's regime: what is different,pakistan vs singapore crypto licence,Licensing,pending,
43,Comparing PVARA with the EU framework: what is different,pakistan vs eu crypto regulation,Licensing,pending,
44,Comparing PVARA with the UK approach: what is different,pakistan vs uk crypto regulation,Licensing,pending,
45,Travel rule thresholds compared across major jurisdictions,travel rule thresholds compared,AML,pending,
46,What a regulatory inspection looks like and how to prepare,crypto regulator inspection,Licensing,pending,
47,Audit readiness for virtual asset firms: a checklist,vasp audit readiness,Licensing,pending,
48,Proof of reserves: what it is and whether regulators require it,proof of reserves exchange,Licensing,pending,
49,Segregation of duties in a small compliance team,compliance segregation of duties,AML,pending,
50,Risk assessment methodology for a virtual asset business,vasp risk assessment,AML,pending,
51,Politically exposed persons and enhanced due diligence in crypto,pep screening crypto,AML,pending,
52,Source of funds and source of wealth: the difference that matters,source of funds crypto kyc,AML,pending,
53,Blockchain analytics tools and regulatory expectations,blockchain analytics compliance,AML,pending,
54,Privacy coins and mixers: the compliance position,privacy coins compliance rules,AML,pending,
55,Handling a regulator's information request,regulator information request,Licensing,pending,
56,What triggers a licence suspension or revocation,licence suspension crypto,PVARA,pending,
57,Appealing a regulatory decision: the process explained,appeal regulatory decision crypto,PVARA,pending,
58,Passporting and cross border recognition of virtual asset licences,crypto licence passporting,Licensing,pending,
59,Setting up a compliance function from scratch: a 90 day plan,build crypto compliance function,AML,pending,
60,Choosing a licensing consultant: the questions to ask,choosing crypto licensing consultant,Licensing,pending,
61,How much does a VASP licence cost in total,vasp licence cost,Licensing,pending,
62,Common reasons licence applications fail,why crypto licence applications fail,Licensing,pending,
63,The regulatory perimeter for crypto payment processors,crypto payment processor regulation,PVARA,pending,
64,Remittances and virtual assets: the regulatory position in Pakistan,crypto remittance pakistan,PVARA,pending,
65,Foreign exchange rules and their effect on crypto businesses,forex rules crypto pakistan,PVARA,pending,
66,Bank account access for licensed virtual asset firms,crypto business bank account pakistan,PVARA,pending,
67,What is a no action letter and does Pakistan issue them,no action letter crypto,PVARA,pending,
68,Interim and transitional arrangements for existing operators,transitional period crypto licence,Licensing,pending,
69,Grandfathering: do existing firms get easier treatment,grandfathering crypto regulation,Licensing,pending,
70,The cost of non compliance: penalties across jurisdictions,crypto compliance penalties,PVARA,pending,
71,Insider trading and market abuse rules for crypto venues,crypto market abuse rules,Licensing,pending,
72,Wash trading detection: what surveillance systems look for,wash trading detection crypto,Licensing,pending,
73,Listing standards: how exchanges should assess a token,token listing standards,Licensing,pending,
74,Delisting obligations and client notification requirements,token delisting rules,Licensing,pending,
75,Client asset reconciliation: frequency and method,client asset reconciliation crypto,Licensing,pending,
76,Insurance requirements for custodians,crypto custody insurance,Licensing,pending,
77,Key management and multi signature governance,crypto key management governance,Licensing,pending,
78,Incident reporting: what must be told to the regulator and when,crypto incident reporting,Licensing,pending,
79,Data protection obligations for virtual asset firms in Pakistan,data protection crypto pakistan,Licensing,pending,
80,Retention and destruction of customer data,customer data retention crypto,Licensing,pending,
81,Onboarding corporate clients: the extra checks required,corporate onboarding crypto kyc,AML,pending,
82,Ongoing monitoring versus periodic review of customers,ongoing customer monitoring crypto,AML,pending,
83,Risk based approach: what it means in practice,risk based approach aml crypto,AML,pending,
84,National risk assessment and what it means for your firm,national risk assessment pakistan,AML,pending,
85,Correspondent relationships between virtual asset firms,vasp correspondent relationships,AML,pending,
86,Unhosted wallet transfers: the compliance treatment,unhosted wallet compliance,AML,pending,
87,Screening for sanctioned addresses: practical methods,sanctioned address screening,AML,pending,
88,Terrorist financing risk in virtual assets,terrorist financing crypto risk,AML,pending,
89,Training obligations for staff at a licensed VASP,aml training requirements crypto,AML,pending,
90,Independent audit of the AML programme,aml programme independent audit,AML,pending,
91,Board responsibility for compliance failures,board responsibility compliance crypto,Licensing,pending,
92,Group structures: when a parent company is also caught,group structure vasp regulation,Licensing,pending,
93,Branches versus subsidiaries for market entry,branch vs subsidiary crypto,Licensing,pending,
94,Minimum local presence requirements,local presence requirement crypto licence,Licensing,pending,
95,Resident director and local staffing requirements,resident director requirement crypto,Licensing,pending,
96,Preparing a regulatory business plan that gets approved,regulatory business plan crypto,Licensing,pending,
97,Financial projections in a licence application,financial projections licence application,Licensing,pending,
98,Wind down planning: what happens if the business fails,crypto wind down plan,Licensing,pending,
99,Client asset return on insolvency,client assets insolvency crypto,Licensing,pending,
100,How regulators assess technology and system resilience,technology assessment crypto licence,Licensing,pending,
101,Penetration testing expectations for exchanges,penetration testing crypto exchange,Licensing,pending,
102,Cold and hot wallet policy: what regulators expect,cold hot wallet policy,Licensing,pending,
103,Third party custodians: using one versus building your own,third party crypto custodian,Licensing,pending,
104,Tokenised securities: when securities law applies instead,tokenised securities regulation,PVARA,pending,
105,Initial offerings and public fundraising rules,token offering rules pakistan,PVARA,pending,
106,Advertising to retail investors: the restrictions,retail crypto advertising restrictions,PVARA,pending,
107,Suitability and appropriateness for retail clients,crypto suitability assessment,Licensing,pending,
108,Leverage and derivatives: additional regulatory conditions,crypto derivatives regulation,Licensing,pending,
109,Staking services and the regulatory treatment,staking service regulation,PVARA,pending,
110,Lending and yield products: where the perimeter sits,crypto lending regulation,PVARA,pending,
111,What is regulatory arbitrage and why regulators are closing it,regulatory arbitrage crypto,PVARA,pending,
112,The FATF mutual evaluation and what it means for Pakistan,fatf mutual evaluation pakistan,AML,pending,
113,Grey list consequences for Pakistani virtual asset firms,fatf grey list crypto pakistan,AML,pending,
114,How international standards become local rules,international standards local regulation,PVARA,pending,
115,Reading a regulatory notification: a practical guide,how to read regulatory notification,PVARA,pending,
116,Building a regulatory change management process,regulatory change management crypto,Licensing,pending,
117,Horizon scanning: tracking rules across multiple jurisdictions,regulatory horizon scanning crypto,Licensing,pending,
118,The compliance budget: what firms actually spend,crypto compliance budget,Licensing,pending,
119,Hiring your first compliance officer: what to look for,hiring crypto compliance officer,AML,pending,
120,A 12 month roadmap from unregulated to licensed,roadmap unregulated to licensed,Licensing,pending,
